{
  "timestamp": "2025-07-18T14:08:54.494037",
  "dataset_size": "medium",
  "n_genes": 50,
  "n_samples": 150,
  "method": "LSCO_nestboot",
  "execution_time": 0.847271203994751,
  "memory_usage": 127.84375,
  "peak_memory": 323.375,
  "parameter_value": 0.05,
  "parameter_name": "FDR",
  "num_edges": 2450,
  "density": 0.98,
  "sparsity": 0.020000000000000018,
  "network_shape": [
    50,
    50
  ],
  "network_matrix": "[[0. 1. 1. ... 1. 1. 1.]\n [1. 0. 1. ... 1. 1. 1.]\n [1. 1. 0. ... 1. 1. 1.]\n ...\n [1. 1. 1. ... 0. 1. 1.]\n [1. 1. 1. ... 1. 0. 1.]\n [1. 1. 1. ... 1. 1. 0.]]",
  "nest_runs": 10,
  "boot_runs": 5,
  "f1_score": 0.08282208588957056,
  "mcc": -0.5500052840214927,
  "sensitivity": 0.6835443037974683,
  "specificity": 0.0,
  "precision": 0.044081632653061226,
  "auroc": 0.8238894538371575,
  "true_positives": 108.0,
  "false_positives": 2342.0,
  "true_negatives": 0.0,
  "false_negatives": 50.0,
  "use_nestboot": true,
  "method_name": "lsco_nestboot"
}