{
  "lasso_simple": {
    "avg_execution_time": 0.39820313453674316,
    "avg_memory_usage": 0.640625,
    "avg_f1_score": 0.33464566929133854,
    "avg_precision": 0.24285714285714285,
    "avg_recall": 0.5379746835443038,
    "avg_sparsity": 0.86,
    "avg_density": 0.14,
    "avg_auroc": 0.3910836837052154,
    "count": 1
  },
  "lsco_simple": {
    "avg_execution_time": 0.004576921463012695,
    "avg_memory_usage": 0.0,
    "avg_f1_score": 0.11888638073739656,
    "avg_precision": 0.0632,
    "avg_recall": 1.0,
    "avg_sparsity": 0.0,
    "avg_density": 1.0,
    "avg_auroc": 0.5049787194700753,
    "count": 1
  },
  "lasso_nestboot": {
    "avg_execution_time": 23.661232233047485,
    "avg_memory_usage": 4.671875,
    "avg_f1_score": 0.08367816091954021,
    "avg_precision": 0.0451165096678235,
    "avg_recall": 0.5759493670886076,
    "avg_sparsity": 0.19320000000000004,
    "avg_density": 0.8068,
    "avg_auroc": 0.5956581530442647,
    "count": 1
  },
  "lsco_nestboot": {
    "avg_execution_time": 0.847271203994751,
    "avg_memory_usage": 127.84375,
    "avg_f1_score": 0.08282208588957056,
    "avg_precision": 0.044081632653061226,
    "avg_recall": 0.6835443037974683,
    "avg_sparsity": 0.020000000000000018,
    "avg_density": 0.98,
    "avg_auroc": 0.8238894538371575,
    "count": 1
  }
}