{
  "timestamp": "2025-07-18T14:08:53.631116",
  "dataset_size": "medium",
  "n_genes": 50,
  "n_samples": 150,
  "method": "LASSO_nestboot",
  "execution_time": 23.661232233047485,
  "memory_usage": 4.671875,
  "peak_memory": 195.53125,
  "parameter_value": 0.05,
  "parameter_name": "FDR",
  "num_edges": 2017,
  "density": 0.8068,
  "sparsity": 0.19320000000000004,
  "network_shape": [
    50,
    50
  ],
  "network_matrix": "[[0. 1. 1. ... 0. 0. 1.]\n [0. 0. 1. ... 1. 1. 1.]\n [1. 1. 0. ... 1. 1. 1.]\n ...\n [1. 1. 1. ... 0. 1. 1.]\n [1. 1. 1. ... 1. 0. 1.]\n [0. 1. 1. ... 1. 1. 0.]]",
  "nest_runs": 10,
  "boot_runs": 5,
  "f1_score": 0.08367816091954021,
  "mcc": -0.1518726817974545,
  "sensitivity": 0.5759493670886076,
  "specificity": 0.1776259607173356,
  "precision": 0.0451165096678235,
  "auroc": 0.5956581530442647,
  "true_positives": 91.0,
  "false_positives": 1926.0,
  "true_negatives": 416.0,
  "false_negatives": 67.0,
  "use_nestboot": true,
  "method_name": "lasso_nestboot"
}